sinal,pino,padrao_io,origem
SW[0],AB28,2.5 V,DE2-115 User Manual PDF pagina 36; Depending on JP7; enunciado pagina 3
SW[1],AC28,2.5 V,DE2-115 User Manual PDF pagina 36; Depending on JP7; enunciado pagina 3
SW[2],AC27,2.5 V,DE2-115 User Manual PDF pagina 36; Depending on JP7; enunciado pagina 3
SW[3],AD27,2.5 V,DE2-115 User Manual PDF pagina 36; Depending on JP7; enunciado pagina 3
SW[4],AB27,2.5 V,DE2-115 User Manual PDF pagina 36; Depending on JP7; enunciado pagina 3
SW[5],AC26,2.5 V,DE2-115 User Manual PDF pagina 36; Depending on JP7; enunciado pagina 3
SW[6],AD26,2.5 V,DE2-115 User Manual PDF pagina 36; Depending on JP7; enunciado pagina 3
SW[7],AB26,2.5 V,DE2-115 User Manual PDF pagina 36; Depending on JP7; enunciado pagina 3
SW[8],AC25,2.5 V,DE2-115 User Manual PDF pagina 36; Depending on JP7; enunciado pagina 3
SW[9],AB25,2.5 V,DE2-115 User Manual PDF pagina 36; Depending on JP7; enunciado pagina 3
SW[10],AC24,2.5 V,DE2-115 User Manual PDF pagina 36; Depending on JP7; enunciado pagina 3
SW[11],AB24,2.5 V,DE2-115 User Manual PDF pagina 36; Depending on JP7; enunciado pagina 3
SW[12],AB23,2.5 V,DE2-115 User Manual PDF pagina 36; Depending on JP7; enunciado pagina 3
LEDR[0],G19,2.5 V,DE2-115 User Manual PDF pagina 36; 2.5V; enunciado pagina 3
LEDR[1],F19,2.5 V,DE2-115 User Manual PDF pagina 36; 2.5V; enunciado pagina 3
LEDR[2],E19,2.5 V,DE2-115 User Manual PDF pagina 36; 2.5V; enunciado pagina 3
LEDR[3],F21,2.5 V,DE2-115 User Manual PDF pagina 36; 2.5V; enunciado pagina 3
LEDR[4],F18,2.5 V,DE2-115 User Manual PDF pagina 36; 2.5V; enunciado pagina 3
LEDR[5],E18,2.5 V,DE2-115 User Manual PDF pagina 36; 2.5V; enunciado pagina 3
LEDR[6],J19,2.5 V,DE2-115 User Manual PDF pagina 36; 2.5V; enunciado pagina 3
LEDR[7],H19,2.5 V,DE2-115 User Manual PDF pagina 36; 2.5V; enunciado pagina 3
LEDR[8],J17,2.5 V,DE2-115 User Manual PDF pagina 36; 2.5V; enunciado pagina 3
LEDR[9],G17,2.5 V,DE2-115 User Manual PDF pagina 36; 2.5V; enunciado pagina 3
LEDR[10],J15,2.5 V,DE2-115 User Manual PDF pagina 36; 2.5V; enunciado pagina 3
LEDR[11],H16,2.5 V,DE2-115 User Manual PDF pagina 36; 2.5V; enunciado pagina 3
LEDR[12],J16,2.5 V,DE2-115 User Manual PDF pagina 36; 2.5V; enunciado pagina 3
LEDR[13],H17,2.5 V,DE2-115 User Manual PDF pagina 36; 2.5V; enunciado pagina 3
LEDR[14],F15,2.5 V,DE2-115 User Manual PDF pagina 37; 2.5V; enunciado pagina 3
LEDR[15],G15,2.5 V,DE2-115 User Manual PDF pagina 37; 2.5V; enunciado pagina 3
LEDR[16],G16,2.5 V,DE2-115 User Manual PDF pagina 37; 2.5V; enunciado pagina 3
LEDR[17],H15,2.5 V,DE2-115 User Manual PDF pagina 37; 2.5V; enunciado pagina 3
LEDG[0],E21,2.5 V,DE2-115 User Manual PDF pagina 37; 2.5V; enunciado pagina 3
LEDG[1],E22,2.5 V,DE2-115 User Manual PDF pagina 37; 2.5V; enunciado pagina 3
LEDG[2],E25,2.5 V,DE2-115 User Manual PDF pagina 37; 2.5V; enunciado pagina 3
LEDG[3],E24,2.5 V,DE2-115 User Manual PDF pagina 37; 2.5V; enunciado pagina 3
LEDG[4],H21,2.5 V,DE2-115 User Manual PDF pagina 37; 2.5V; enunciado pagina 3
LEDG[5],G20,2.5 V,DE2-115 User Manual PDF pagina 37; 2.5V; enunciado pagina 3
LEDG[6],G22,2.5 V,DE2-115 User Manual PDF pagina 37; 2.5V; enunciado pagina 3
LEDG[7],G21,2.5 V,DE2-115 User Manual PDF pagina 37; 2.5V; enunciado pagina 3
LEDG[8],F17,2.5 V,DE2-115 User Manual PDF pagina 37; 2.5V; enunciado pagina 3
HEX0[0],G18,2.5 V,DE2-115 User Manual PDF pagina 37; 2.5V; enunciado pagina 3
HEX0[1],F22,2.5 V,DE2-115 User Manual PDF pagina 37; 2.5V; enunciado pagina 3
HEX0[2],E17,2.5 V,DE2-115 User Manual PDF pagina 37; 2.5V; enunciado pagina 3
HEX0[3],L26,2.5 V,DE2-115 User Manual PDF pagina 38; Depending on JP7; enunciado pagina 3
HEX0[4],L25,2.5 V,DE2-115 User Manual PDF pagina 38; Depending on JP7; enunciado pagina 3
HEX0[5],J22,2.5 V,DE2-115 User Manual PDF pagina 38; Depending on JP7; enunciado pagina 3
HEX0[6],H22,2.5 V,DE2-115 User Manual PDF pagina 38; Depending on JP7; enunciado pagina 3
HEX1[0],M24,2.5 V,DE2-115 User Manual PDF pagina 38; Depending on JP7; enunciado pagina 3
HEX1[1],Y22,2.5 V,DE2-115 User Manual PDF pagina 38; Depending on JP7; enunciado pagina 3
HEX1[2],W21,2.5 V,DE2-115 User Manual PDF pagina 38; Depending on JP7; enunciado pagina 3
HEX1[3],W22,2.5 V,DE2-115 User Manual PDF pagina 38; Depending on JP7; enunciado pagina 3
HEX1[4],W25,2.5 V,DE2-115 User Manual PDF pagina 38; Depending on JP7; enunciado pagina 3
HEX1[5],U23,2.5 V,DE2-115 User Manual PDF pagina 38; Depending on JP7; enunciado pagina 3
HEX1[6],U24,2.5 V,DE2-115 User Manual PDF pagina 38; Depending on JP7; enunciado pagina 3
HEX2[0],AA25,2.5 V,DE2-115 User Manual PDF pagina 38; Depending on JP7; enunciado pagina 3
HEX2[1],AA26,2.5 V,DE2-115 User Manual PDF pagina 38; Depending on JP7; enunciado pagina 3
HEX2[2],Y25,2.5 V,DE2-115 User Manual PDF pagina 38; Depending on JP7; enunciado pagina 3
HEX2[3],W26,2.5 V,DE2-115 User Manual PDF pagina 38; Depending on JP7; enunciado pagina 3
HEX2[4],Y26,2.5 V,DE2-115 User Manual PDF pagina 38; Depending on JP7; enunciado pagina 3
HEX2[5],W27,2.5 V,DE2-115 User Manual PDF pagina 38; Depending on JP7; enunciado pagina 3
HEX2[6],W28,2.5 V,DE2-115 User Manual PDF pagina 38; Depending on JP7; enunciado pagina 3
HEX3[0],V21,2.5 V,DE2-115 User Manual PDF pagina 38; Depending on JP7; enunciado pagina 3
HEX3[1],U21,2.5 V,DE2-115 User Manual PDF pagina 38; Depending on JP7; enunciado pagina 3
HEX3[2],AB20,3.3-V LVTTL,DE2-115 User Manual PDF pagina 38; Depending on JP6; enunciado pagina 3
HEX3[3],AA21,3.3-V LVTTL,DE2-115 User Manual PDF pagina 38; Depending on JP6; enunciado pagina 3
HEX3[4],AD24,3.3-V LVTTL,DE2-115 User Manual PDF pagina 38; Depending on JP6; enunciado pagina 3
HEX3[5],AF23,3.3-V LVTTL,DE2-115 User Manual PDF pagina 38; Depending on JP6; enunciado pagina 3
HEX3[6],Y19,3.3-V LVTTL,DE2-115 User Manual PDF pagina 38; Depending on JP6; enunciado pagina 3
HEX4[0],AB19,3.3-V LVTTL,DE2-115 User Manual PDF pagina 38; Depending on JP6; enunciado pagina 3
HEX4[1],AA19,3.3-V LVTTL,DE2-115 User Manual PDF pagina 38; Depending on JP6; enunciado pagina 3
HEX4[2],AG21,3.3-V LVTTL,DE2-115 User Manual PDF pagina 38; Depending on JP6; enunciado pagina 3
HEX4[3],AH21,3.3-V LVTTL,DE2-115 User Manual PDF pagina 38; Depending on JP6; enunciado pagina 3
HEX4[4],AE19,3.3-V LVTTL,DE2-115 User Manual PDF pagina 38; Depending on JP6; enunciado pagina 3
HEX4[5],AF19,3.3-V LVTTL,DE2-115 User Manual PDF pagina 38; Depending on JP6; enunciado pagina 3
HEX4[6],AE18,3.3-V LVTTL,DE2-115 User Manual PDF pagina 38; Depending on JP6; enunciado pagina 3
HEX5[0],AD18,3.3-V LVTTL,DE2-115 User Manual PDF pagina 38; Depending on JP6; enunciado pagina 3
HEX5[1],AC18,3.3-V LVTTL,DE2-115 User Manual PDF pagina 38; Depending on JP6; enunciado pagina 3
HEX5[2],AB18,3.3-V LVTTL,DE2-115 User Manual PDF pagina 38; Depending on JP6; enunciado pagina 3
HEX5[3],AH19,3.3-V LVTTL,DE2-115 User Manual PDF pagina 38; Depending on JP6; enunciado pagina 3
HEX5[4],AG19,3.3-V LVTTL,DE2-115 User Manual PDF pagina 38; Depending on JP6; enunciado pagina 3
HEX5[5],AF18,3.3-V LVTTL,DE2-115 User Manual PDF pagina 38; Depending on JP6; enunciado pagina 3
HEX5[6],AH18,3.3-V LVTTL,DE2-115 User Manual PDF pagina 38; Depending on JP6; enunciado pagina 3
HEX6[0],AA17,3.3-V LVTTL,DE2-115 User Manual PDF pagina 38; Depending on JP6; enunciado pagina 3
HEX6[1],AB16,3.3-V LVTTL,DE2-115 User Manual PDF pagina 38; Depending on JP6; enunciado pagina 3
HEX6[2],AA16,3.3-V LVTTL,DE2-115 User Manual PDF pagina 38; Depending on JP6; enunciado pagina 3
HEX6[3],AB17,3.3-V LVTTL,DE2-115 User Manual PDF pagina 38; Depending on JP6; enunciado pagina 3
HEX6[4],AB15,3.3-V LVTTL,DE2-115 User Manual PDF pagina 38; Depending on JP6; enunciado pagina 3
HEX6[5],AA15,3.3-V LVTTL,DE2-115 User Manual PDF pagina 38; Depending on JP6; enunciado pagina 3
HEX6[6],AC17,3.3-V LVTTL,DE2-115 User Manual PDF pagina 39; Depending on JP6; enunciado pagina 3
HEX7[0],AD17,3.3-V LVTTL,DE2-115 User Manual PDF pagina 39; Depending on JP6; enunciado pagina 3
HEX7[1],AE17,3.3-V LVTTL,DE2-115 User Manual PDF pagina 39; Depending on JP6; enunciado pagina 3
HEX7[2],AG17,3.3-V LVTTL,DE2-115 User Manual PDF pagina 39; Depending on JP6; enunciado pagina 3
HEX7[3],AH17,3.3-V LVTTL,DE2-115 User Manual PDF pagina 39; Depending on JP6; enunciado pagina 3
HEX7[4],AF17,3.3-V LVTTL,DE2-115 User Manual PDF pagina 39; Depending on JP6; enunciado pagina 3
HEX7[5],AG18,3.3-V LVTTL,DE2-115 User Manual PDF pagina 39; Depending on JP6; enunciado pagina 3
HEX7[6],AA14,3.3-V LVTTL,DE2-115 User Manual PDF pagina 39; 3.3V; enunciado pagina 3
