BCD_decimal,BCD,SEG_gfedcba,g,f,e,d,c,b,a
0,0000,1000000,1,0,0,0,0,0,0
1,0001,1111001,1,1,1,1,0,0,1
2,0010,0100100,0,1,0,0,1,0,0
3,0011,0110000,0,1,1,0,0,0,0
4,0100,0011001,0,0,1,1,0,0,1
5,0101,0010010,0,0,1,0,0,1,0
6,0110,0000010,0,0,0,0,0,1,0
7,0111,1111000,1,1,1,1,0,0,0
8,1000,0000000,0,0,0,0,0,0,0
9,1001,0010000,0,0,1,0,0,0,0
10,1010,1111111,1,1,1,1,1,1,1
11,1011,1111111,1,1,1,1,1,1,1
12,1100,1111111,1,1,1,1,1,1,1
13,1101,1111111,1,1,1,1,1,1,1
14,1110,1111111,1,1,1,1,1,1,1
15,1111,1111111,1,1,1,1,1,1,1
