MAG_decimal,MAG_binario,T10,T20,T30
0,00000,0,0,0
1,00001,0,0,0
2,00010,0,0,0
3,00011,0,0,0
4,00100,0,0,0
5,00101,0,0,0
6,00110,0,0,0
7,00111,0,0,0
8,01000,0,0,0
9,01001,0,0,0
10,01010,1,0,0
11,01011,1,0,0
12,01100,1,0,0
13,01101,1,0,0
14,01110,1,0,0
15,01111,1,0,0
16,10000,1,0,0
17,10001,1,0,0
18,10010,1,0,0
19,10011,1,0,0
20,10100,1,1,0
21,10101,1,1,0
22,10110,1,1,0
23,10111,1,1,0
24,11000,1,1,0
25,11001,1,1,0
26,11010,1,1,0
27,11011,1,1,0
28,11100,1,1,0
29,11101,1,1,0
30,11110,1,1,1
31,11111,1,1,1
