MAG_decimal,MAG_binario,T10,T20,T30,DEZ,UNI
0,00000,0,0,0,0000,0000
1,00001,0,0,0,0000,0001
2,00010,0,0,0,0000,0010
3,00011,0,0,0,0000,0011
4,00100,0,0,0,0000,0100
5,00101,0,0,0,0000,0101
6,00110,0,0,0,0000,0110
7,00111,0,0,0,0000,0111
8,01000,0,0,0,0000,1000
9,01001,0,0,0,0000,1001
10,01010,1,0,0,0001,0000
11,01011,1,0,0,0001,0001
12,01100,1,0,0,0001,0010
13,01101,1,0,0,0001,0011
14,01110,1,0,0,0001,0100
15,01111,1,0,0,0001,0101
16,10000,1,0,0,0001,0110
17,10001,1,0,0,0001,0111
18,10010,1,0,0,0001,1000
19,10011,1,0,0,0001,1001
20,10100,1,1,0,0010,0000
21,10101,1,1,0,0010,0001
22,10110,1,1,0,0010,0010
23,10111,1,1,0,0010,0011
24,11000,1,1,0,0010,0100
25,11001,1,1,0,0010,0101
26,11010,1,1,0,0010,0110
27,11011,1,1,0,0010,0111
28,11100,1,1,0,0010,1000
29,11101,1,1,0,0010,1001
30,11110,1,1,1,0011,0000
31,11111,1,1,1,0011,0001
