MAG,ENABLE,DEZ,UNI,DEZ_SEG_gfedcba,UNI_SEG_gfedcba
0,0,0,0,1111111,1111111
0,1,0,0,1000000,1000000
1,0,0,1,1111111,1111111
1,1,0,1,1000000,1111001
2,0,0,2,1111111,1111111
2,1,0,2,1000000,0100100
3,0,0,3,1111111,1111111
3,1,0,3,1000000,0110000
4,0,0,4,1111111,1111111
4,1,0,4,1000000,0011001
5,0,0,5,1111111,1111111
5,1,0,5,1000000,0010010
6,0,0,6,1111111,1111111
6,1,0,6,1000000,0000010
7,0,0,7,1111111,1111111
7,1,0,7,1000000,1111000
8,0,0,8,1111111,1111111
8,1,0,8,1000000,0000000
9,0,0,9,1111111,1111111
9,1,0,9,1000000,0010000
10,0,1,0,1111111,1111111
10,1,1,0,1111001,1000000
11,0,1,1,1111111,1111111
11,1,1,1,1111001,1111001
12,0,1,2,1111111,1111111
12,1,1,2,1111001,0100100
13,0,1,3,1111111,1111111
13,1,1,3,1111001,0110000
14,0,1,4,1111111,1111111
14,1,1,4,1111001,0011001
15,0,1,5,1111111,1111111
15,1,1,5,1111001,0010010
16,0,1,6,1111111,1111111
16,1,1,6,1111001,0000010
17,0,1,7,1111111,1111111
17,1,1,7,1111001,1111000
18,0,1,8,1111111,1111111
18,1,1,8,1111001,0000000
19,0,1,9,1111111,1111111
19,1,1,9,1111001,0010000
20,0,2,0,1111111,1111111
20,1,2,0,0100100,1000000
21,0,2,1,1111111,1111111
21,1,2,1,0100100,1111001
22,0,2,2,1111111,1111111
22,1,2,2,0100100,0100100
23,0,2,3,1111111,1111111
23,1,2,3,0100100,0110000
24,0,2,4,1111111,1111111
24,1,2,4,0100100,0011001
25,0,2,5,1111111,1111111
25,1,2,5,0100100,0010010
26,0,2,6,1111111,1111111
26,1,2,6,0100100,0000010
27,0,2,7,1111111,1111111
27,1,2,7,0100100,1111000
28,0,2,8,1111111,1111111
28,1,2,8,0100100,0000000
29,0,2,9,1111111,1111111
29,1,2,9,0100100,0010000
30,0,3,0,1111111,1111111
30,1,3,0,0110000,1000000
31,0,3,1,1111111,1111111
31,1,3,1,0110000,1111001
