R[5:0],valor C2,magnitude efetiva[4:0],sinal efetivo,F_SM[5:0],no domínio -31..31,observação
000000,0,00000,0,000000,1,
000001,1,00001,0,000001,1,
000010,2,00010,0,000010,1,
000011,3,00011,0,000011,1,
000100,4,00100,0,000100,1,
000101,5,00101,0,000101,1,
000110,6,00110,0,000110,1,
000111,7,00111,0,000111,1,
001000,8,01000,0,001000,1,
001001,9,01001,0,001001,1,
001010,10,01010,0,001010,1,
001011,11,01011,0,001011,1,
001100,12,01100,0,001100,1,
001101,13,01101,0,001101,1,
001110,14,01110,0,001110,1,
001111,15,01111,0,001111,1,
010000,16,10000,0,010000,1,
010001,17,10001,0,010001,1,
010010,18,10010,0,010010,1,
010011,19,10011,0,010011,1,
010100,20,10100,0,010100,1,
010101,21,10101,0,010101,1,
010110,22,10110,0,010110,1,
010111,23,10111,0,010111,1,
011000,24,11000,0,011000,1,
011001,25,11001,0,011001,1,
011010,26,11010,0,011010,1,
011011,27,11011,0,011011,1,
011100,28,11100,0,011100,1,
011101,29,11101,0,011101,1,
011110,30,11110,0,011110,1,
011111,31,11111,0,011111,1,
100000,-32,00000,0,000000,0,fora do domínio; regra efetiva gera zero
100001,-31,11111,1,111111,1,
100010,-30,11110,1,111110,1,
100011,-29,11101,1,111101,1,
100100,-28,11100,1,111100,1,
100101,-27,11011,1,111011,1,
100110,-26,11010,1,111010,1,
100111,-25,11001,1,111001,1,
101000,-24,11000,1,111000,1,
101001,-23,10111,1,110111,1,
101010,-22,10110,1,110110,1,
101011,-21,10101,1,110101,1,
101100,-20,10100,1,110100,1,
101101,-19,10011,1,110011,1,
101110,-18,10010,1,110010,1,
101111,-17,10001,1,110001,1,
110000,-16,10000,1,110000,1,
110001,-15,01111,1,101111,1,
110010,-14,01110,1,101110,1,
110011,-13,01101,1,101101,1,
110100,-12,01100,1,101100,1,
110101,-11,01011,1,101011,1,
110110,-10,01010,1,101010,1,
110111,-9,01001,1,101001,1,
111000,-8,01000,1,101000,1,
111001,-7,00111,1,100111,1,
111010,-6,00110,1,100110,1,
111011,-5,00101,1,100101,1,
111100,-4,00100,1,100100,1,
111101,-3,00011,1,100011,1,
111110,-2,00010,1,100010,1,
111111,-1,00001,1,100001,1,
