B_C2[5:0],valor C2,NEG[5:0],valor C2 de saída
000000,0,000000,0
000001,1,111111,-1
000010,2,111110,-2
000011,3,111101,-3
000100,4,111100,-4
000101,5,111011,-5
000110,6,111010,-6
000111,7,111001,-7
001000,8,111000,-8
001001,9,110111,-9
001010,10,110110,-10
001011,11,110101,-11
001100,12,110100,-12
001101,13,110011,-13
001110,14,110010,-14
001111,15,110001,-15
010000,16,110000,-16
010001,17,101111,-17
010010,18,101110,-18
010011,19,101101,-19
010100,20,101100,-20
010101,21,101011,-21
010110,22,101010,-22
010111,23,101001,-23
011000,24,101000,-24
011001,25,100111,-25
011010,26,100110,-26
011011,27,100101,-27
011100,28,100100,-28
011101,29,100011,-29
011110,30,100010,-30
011111,31,100001,-31
100000,-32,100000,-32
100001,-31,011111,31
100010,-30,011110,30
100011,-29,011101,29
100100,-28,011100,28
100101,-27,011011,27
100110,-26,011010,26
100111,-25,011001,25
101000,-24,011000,24
101001,-23,010111,23
101010,-22,010110,22
101011,-21,010101,21
101100,-20,010100,20
101101,-19,010011,19
101110,-18,010010,18
101111,-17,010001,17
110000,-16,010000,16
110001,-15,001111,15
110010,-14,001110,14
110011,-13,001101,13
110100,-12,001100,12
110101,-11,001011,11
110110,-10,001010,10
110111,-9,001001,9
111000,-8,001000,8
111001,-7,000111,7
111010,-6,000110,6
111011,-5,000101,5
111100,-4,000100,4
111101,-3,000011,3
111110,-2,000010,2
111111,-1,000001,1
