SM[4:0],sinal,magnitude[3:0],valor decimal,C2[5:0]
00000,0,0000,0,000000
00001,0,0001,1,000001
00010,0,0010,2,000010
00011,0,0011,3,000011
00100,0,0100,4,000100
00101,0,0101,5,000101
00110,0,0110,6,000110
00111,0,0111,7,000111
01000,0,1000,8,001000
01001,0,1001,9,001001
01010,0,1010,10,001010
01011,0,1011,11,001011
01100,0,1100,12,001100
01101,0,1101,13,001101
01110,0,1110,14,001110
01111,0,1111,15,001111
10000,1,0000,0,000000
10001,1,0001,-1,111111
10010,1,0010,-2,111110
10011,1,0011,-3,111101
10100,1,0100,-4,111100
10101,1,0101,-5,111011
10110,1,0110,-6,111010
10111,1,0111,-7,111001
11000,1,1000,-8,111000
11001,1,1001,-9,110111
11010,1,1010,-10,110110
11011,1,1011,-11,110101
11100,1,1100,-12,110100
11101,1,1101,-13,110011
11110,1,1110,-14,110010
11111,1,1111,-15,110001
